{
    "dec": -0.7633185080313477,
    "g_central_image_pop_10px_rad": 1.0,
    "g_central_image_pop_15px_rad": 1.0,
    "g_central_image_pop_5px_rad": 1.0,
    "g_cmodel_mag": -0.05696693790950626,
    "g_cmodel_magsigma": -0.029638594431960145,
    "g_ellipticity": -0.12196585541364069,
    "g_half_light_radius": 0.02417801187495835,
    "g_isophotal_area": -0.48741482473576714,
    "g_major_axis": -0.30262047762115935,
    "g_minor_axis": -0.20249514300953292,
    "g_peak_surface_brightness": 0.0852257989804539,
    "g_petro_rad": 0.7145893031053996,
    "g_pos_angle": 0.5723436945498992,
    "g_sersic_index": -0.1677877802720874,
    "i_central_image_pop_10px_rad": 1.0,
    "i_central_image_pop_15px_rad": 1.0,
    "i_central_image_pop_5px_rad": 1.0,
    "i_cmodel_mag": -0.5773354183587468,
    "i_cmodel_magsigma": -0.044878452965333805,
    "i_ellipticity": -1.0070618745760176,
    "i_half_light_radius": 0.47389860439415166,
    "i_isophotal_area": -0.3202212149985373,
    "i_major_axis": -0.1901923956680844,
    "i_minor_axis": 0.3175660307121233,
    "i_peak_surface_brightness": -0.14016624871831102,
    "i_petro_rad": 3.0617011099724896,
    "i_pos_angle": 0.26424825101526817,
    "i_sersic_index": -0.13008262794134756,
    "r_central_image_pop_10px_rad": 1.0,
    "r_central_image_pop_15px_rad": 1.0,
    "r_central_image_pop_5px_rad": 1.0,
    "r_cmodel_mag": -0.39205304891912457,
    "r_cmodel_magsigma": -0.15977385892373472,
    "r_ellipticity": -0.7710055795278974,
    "r_half_light_radius": 0.2834346558667422,
    "r_isophotal_area": -0.3819122530474598,
    "r_major_axis": -0.2541587805280475,
    "r_minor_axis": 0.10675907521623008,
    "r_peak_surface_brightness": -0.1738900925174565,
    "r_petro_rad": 2.1547685328495496,
    "r_pos_angle": 0.5642779778043852,
    "r_sersic_index": 0.5132820827978178,
    "ra": -1.5160675779758244,
    "specz_dec": -0.7633207949784301,
    "specz_mag_i": -0.5859333248809638,
    "specz_ra": -1.5160674044428664,
    "x_coord": 0.07000582767642465,
    "y_central_image_pop_10px_rad": 1.0,
    "y_central_image_pop_15px_rad": 1.0,
    "y_central_image_pop_5px_rad": 1.0,
    "y_cmodel_mag": -0.6343025121223955,
    "y_cmodel_magsigma": -0.004074682414491725,
    "y_coord": 0.09395100942262037,
    "y_ellipticity": -0.7820497489316063,
    "y_half_light_radius": 0.1532054615011645,
    "y_isophotal_area": -0.38217243334870005,
    "y_major_axis": -0.2852124169295236,
    "y_minor_axis": 0.03823320647116178,
    "y_peak_surface_brightness": -0.5258728559000183,
    "y_petro_rad": 2.0363335241687417,
    "y_pos_angle": 0.4987855098917225,
    "y_sersic_index": 0.576514117350917,
    "z_central_image_pop_10px_rad": 1.0,
    "z_central_image_pop_15px_rad": 1.0,
    "z_central_image_pop_5px_rad": 1.0,
    "z_cmodel_mag": -0.6451709236040388,
    "z_cmodel_magsigma": -0.13388980881899654,
    "z_ellipticity": -0.8115951646371294,
    "z_half_light_radius": 0.17790827963131758,
    "z_isophotal_area": -0.3260616634008291,
    "z_major_axis": -0.24977580746241038,
    "z_minor_axis": 0.1350597486606545,
    "z_peak_surface_brightness": -0.5889391550291913,
    "z_petro_rad": 2.1139080836612587,
    "z_pos_angle": 0.5908329353653022,
    "z_sersic_index": 0.8210440298263071
}