{
    "dec": -0.7644948430974304,
    "g_central_image_pop_10px_rad": 1.0,
    "g_central_image_pop_15px_rad": 1.0,
    "g_central_image_pop_5px_rad": 1.0,
    "g_cmodel_mag": 0.5088574662730828,
    "g_cmodel_magsigma": 0.013568575932444723,
    "g_ellipticity": -0.5815960601737793,
    "g_half_light_radius": -0.8449329079512535,
    "g_isophotal_area": -0.6637902167469065,
    "g_major_axis": -0.772240890493395,
    "g_minor_axis": -0.7853523756225549,
    "g_peak_surface_brightness": 0.08749091376256238,
    "g_petro_rad": 0.39206126365385574,
    "g_pos_angle": -0.9395625790736567,
    "g_sersic_index": 0.31937757772747644,
    "i_central_image_pop_10px_rad": 1.0,
    "i_central_image_pop_15px_rad": 1.0,
    "i_central_image_pop_5px_rad": 1.0,
    "i_cmodel_mag": 0.03544685146479939,
    "i_cmodel_magsigma": -0.04517405953996279,
    "i_ellipticity": -0.609970892445181,
    "i_half_light_radius": -0.44583515313313143,
    "i_isophotal_area": -0.6205627866394088,
    "i_major_axis": -0.5738930566508083,
    "i_minor_axis": -0.40717206327053923,
    "i_peak_surface_brightness": -0.015823780969138453,
    "i_petro_rad": 0.20594875598996537,
    "i_pos_angle": -1.053277575913762,
    "i_sersic_index": -0.5529383629804294,
    "r_central_image_pop_10px_rad": 1.0,
    "r_central_image_pop_15px_rad": 1.0,
    "r_central_image_pop_5px_rad": 1.0,
    "r_cmodel_mag": 0.19933502566152464,
    "r_cmodel_magsigma": -0.10524201464390702,
    "r_ellipticity": -0.7413825770215543,
    "r_half_light_radius": -0.6725477322055757,
    "r_isophotal_area": -0.6606886948538434,
    "r_major_axis": -0.6864833235553629,
    "r_minor_axis": -0.5700800809528364,
    "r_peak_surface_brightness": -0.06636570835001039,
    "r_petro_rad": 0.1299213568735073,
    "r_pos_angle": -1.1457599570312993,
    "r_sersic_index": -0.10099821960836848,
    "ra": -1.5158649827520831,
    "specz_dec": -0.7644967877183496,
    "specz_mag_i": 0.16084650239862336,
    "specz_ra": -1.5158649869608782,
    "x_coord": 0.06886993034617526,
    "y_central_image_pop_10px_rad": 1.0,
    "y_central_image_pop_15px_rad": 1.0,
    "y_central_image_pop_5px_rad": 1.0,
    "y_cmodel_mag": 0.010506689429848491,
    "y_cmodel_magsigma": -0.003993635634708796,
    "y_coord": 0.06469926314674614,
    "y_ellipticity": -0.41415111564613855,
    "y_half_light_radius": -0.6577420778719866,
    "y_isophotal_area": -0.607214310784509,
    "y_major_axis": -0.5996396123635428,
    "y_minor_axis": -0.53525586865768,
    "y_peak_surface_brightness": -0.3078995082897184,
    "y_petro_rad": -0.22229309615213286,
    "y_pos_angle": -1.1579962015717997,
    "y_sersic_index": -0.24955876255756362,
    "z_central_image_pop_10px_rad": 1.0,
    "z_central_image_pop_15px_rad": 1.0,
    "z_central_image_pop_5px_rad": 1.0,
    "z_cmodel_mag": 0.01074540676175197,
    "z_cmodel_magsigma": -0.06738293225944196,
    "z_ellipticity": -0.6145612681746135,
    "z_half_light_radius": -0.69241353951708,
    "z_isophotal_area": -0.6800148815833313,
    "z_major_axis": -0.7091396391896935,
    "z_minor_axis": -0.6256498940966216,
    "z_peak_surface_brightness": -0.387297194207144,
    "z_petro_rad": -0.22500754826868752,
    "z_pos_angle": -1.2150450731366698,
    "z_sersic_index": -0.009479669623712531
}