{
    "dec": -0.7220770472702215,
    "g_central_image_pop_10px_rad": 1.0,
    "g_central_image_pop_15px_rad": 1.0,
    "g_central_image_pop_5px_rad": 1.0,
    "g_cmodel_mag": -0.4984729143276077,
    "g_cmodel_magsigma": -0.11025069583881328,
    "g_ellipticity": -0.48268829459248375,
    "g_half_light_radius": -0.12675694420474393,
    "g_isophotal_area": -0.10508555882342158,
    "g_major_axis": -0.06890580869562998,
    "g_minor_axis": 0.26944522817339867,
    "g_peak_surface_brightness": -0.779918612654616,
    "g_petro_rad": -0.2529948152492318,
    "g_pos_angle": 0.8556123869314929,
    "g_sersic_index": 1.3758633984780104,
    "i_central_image_pop_10px_rad": 1.0,
    "i_central_image_pop_15px_rad": 1.0,
    "i_central_image_pop_5px_rad": 1.0,
    "i_cmodel_mag": -0.7610154286475763,
    "i_cmodel_magsigma": -0.11408014914975816,
    "i_ellipticity": -0.4289441211796526,
    "i_half_light_radius": 0.1566666295666184,
    "i_isophotal_area": 0.20735246676536187,
    "i_major_axis": 0.15557393142990764,
    "i_minor_axis": 0.5776835097608857,
    "i_peak_surface_brightness": -0.7371072364672687,
    "i_petro_rad": -0.3652017148065396,
    "i_pos_angle": 0.6828165076978444,
    "i_sersic_index": -0.02414232601506798,
    "r_central_image_pop_10px_rad": 1.0,
    "r_central_image_pop_15px_rad": 1.0,
    "r_central_image_pop_5px_rad": 1.0,
    "r_cmodel_mag": -0.7631953989721991,
    "r_cmodel_magsigma": -0.28069519270903537,
    "r_ellipticity": -0.13114872539088487,
    "r_half_light_radius": -0.07625625783553588,
    "r_isophotal_area": 0.24858213684439692,
    "r_major_axis": 0.18091464687689798,
    "r_minor_axis": 0.4660475020446918,
    "r_peak_surface_brightness": -1.1081399500507771,
    "r_petro_rad": -0.6800175135169092,
    "r_pos_angle": 0.7253146494789815,
    "r_sersic_index": 1.3577636207750605,
    "ra": -1.5152085704617024,
    "specz_dec": -0.7220786817328116,
    "specz_mag_i": -0.7852196903473393,
    "specz_ra": -1.515208720048337,
    "x_coord": 0.001440225079209091,
    "y_central_image_pop_10px_rad": 1.0,
    "y_central_image_pop_15px_rad": 1.0,
    "y_central_image_pop_5px_rad": 1.0,
    "y_cmodel_mag": -0.762846216718416,
    "y_cmodel_magsigma": -0.004363163505916963,
    "y_coord": 0.10087416110845078,
    "y_ellipticity": -0.7760186237957789,
    "y_half_light_radius": 0.06341523278269204,
    "y_isophotal_area": 0.023458604992387843,
    "y_major_axis": 0.007757053611364252,
    "y_minor_axis": 0.4831481657716255,
    "y_peak_surface_brightness": -0.8612322262365419,
    "y_petro_rad": -0.22229309615213286,
    "y_pos_angle": 0.5104357839203875,
    "y_sersic_index": 0.116392715266251,
    "z_central_image_pop_10px_rad": 1.0,
    "z_central_image_pop_15px_rad": 1.0,
    "z_central_image_pop_5px_rad": 1.0,
    "z_cmodel_mag": -0.7552975591021421,
    "z_cmodel_magsigma": -0.16283760521243845,
    "z_ellipticity": -0.4175273717120976,
    "z_half_light_radius": -0.08905773160854624,
    "z_isophotal_area": 0.10642136846203541,
    "z_major_axis": 0.04308897309571584,
    "z_minor_axis": 0.4076705913337442,
    "z_peak_surface_brightness": -1.036301645485878,
    "z_petro_rad": -0.6927906746546768,
    "z_pos_angle": 0.6555878163555887,
    "z_sersic_index": 0.622415284922876
}